City_ID,City,Country,Date,Lat,Lng,Max Temp,Humidity,Cloudiness,Wind Speed
0,Avarua,CK,2022-04-04 13:38:44,-21.2078,-159.775,73.45,100,100,2.3
1,Beaverlodge,CA,2022-04-04 13:38:45,55.2166,-119.4361,27.75,79,100,2.95
2,Rikitea,PF,2022-04-04 13:38:45,-23.1203,-134.9692,77.49,63,24,10.45
3,Saskylakh,RU,2022-04-04 13:38:45,71.9167,114.0833,-16.33,100,99,4.68
4,Tasiilaq,GL,2022-04-04 13:38:45,65.6145,-37.6368,24.96,86,76,8.41
5,Sydney,AU,2022-04-04 13:36:08,-33.8679,151.2073,67.39,78,0,5.99
6,Mitu,CO,2022-04-04 13:34:12,1.1983,-70.1733,79.92,78,96,2.98
7,Ixtapa,MX,2022-04-04 13:38:46,20.7,-105.2,71.22,73,100,3.44
8,Cape Town,ZA,2022-04-04 13:35:02,-33.9258,18.4232,73.89,73,20,9.22
9,Maceio,BR,2022-04-04 13:38:46,-9.6658,-35.7353,87.24,62,40,11.5
10,Jamestown,US,2022-04-04 13:38:47,42.097,-79.2353,34.72,69,0,4.61
11,Souillac,MU,2022-04-04 13:38:47,-20.5167,57.5167,80.98,78,75,11.5
12,Tongren,CN,2022-04-04 13:38:47,27.7172,109.1853,58.53,78,35,4.52
13,Albany,US,2022-04-04 13:37:51,42.6001,-73.9662,43.38,66,54,8.01
14,Vinh,VN,2022-04-04 13:38:48,18.6667,105.6667,65.86,74,100,1.63
15,Tuatapere,NZ,2022-04-04 13:38:48,-46.1333,167.6833,54.0,87,100,4.45
16,Atuona,PF,2022-04-04 13:38:49,-9.8,-139.0333,79.41,74,18,24.7
17,Longyearbyen,SJ,2022-04-04 13:38:49,78.2186,15.6401,10.24,61,18,17.27
18,Lompoc,US,2022-04-04 13:37:15,34.6391,-120.4579,51.85,97,0,8.05
19,Kavieng,PG,2022-04-04 13:38:49,-2.5744,150.7967,80.29,84,100,15.19
20,Koundara,GN,2022-04-04 13:38:50,12.4833,-13.3,102.27,11,10,6.44
21,Kontagora,NG,2022-04-04 13:38:50,10.3999,5.4695,107.1,15,31,0.94
22,East London,ZA,2022-04-04 13:38:50,-33.0153,27.9116,76.14,69,0,9.22
23,Hirado,JP,2022-04-04 13:38:51,33.3597,129.5531,44.38,57,25,6.64
24,Weligama,LK,2022-04-04 13:38:51,5.9667,80.4167,78.64,83,34,3.27
25,Carnarvon,AU,2022-04-04 13:38:51,-24.8667,113.6333,77.07,83,0,16.11
26,Tuktoyaktuk,CA,2022-04-04 13:38:52,69.4541,-133.0374,-18.4,76,75,8.05
27,Leningradskiy,RU,2022-04-04 13:38:52,69.3833,178.4167,-14.01,100,100,2.84
28,Saint George,US,2022-04-04 13:38:52,37.1041,-113.5841,50.63,62,0,4.61
29,Hermanus,ZA,2022-04-04 13:38:53,-34.4187,19.2345,70.81,69,5,19.46
30,Port Hedland,AU,2022-04-04 13:38:53,-20.3167,118.5667,82.45,78,0,10.36
31,Erenhot,CN,2022-04-04 13:37:10,43.6475,111.9767,53.22,24,0,15.19
32,Sur,OM,2022-04-04 13:38:53,22.5667,59.5289,88.03,41,0,8.05
33,Hobart,AU,2022-04-04 13:36:57,-42.8794,147.3294,59.25,79,75,4.61
34,Gazojak,TM,2022-04-04 13:38:54,41.1875,61.4036,83.25,11,0,10.07
35,Barranca,PE,2022-04-04 13:38:54,-10.75,-77.7667,69.73,81,93,5.77
36,Santiago,CL,2022-04-04 13:38:54,-33.4569,-70.6483,70.99,48,0,0.0
37,Punta Arenas,CL,2022-04-04 13:36:23,-53.15,-70.9167,41.02,83,75,21.85
38,Upernavik,GL,2022-04-04 13:38:55,72.7868,-56.1549,23.11,76,99,2.75
39,Provideniya,RU,2022-04-04 13:38:55,64.3833,-173.3,-5.15,88,3,7.96
40,Futog,RS,2022-04-04 13:38:56,45.2419,19.707,54.97,34,8,5.91
41,Salta,AR,2022-04-04 13:38:56,-24.7859,-65.4117,69.58,56,40,3.44
42,Nome,US,2022-04-04 13:38:57,64.5011,-165.4064,12.27,52,0,13.8
43,Kodiak,US,2022-04-04 13:39:58,57.79,-152.4072,33.31,60,100,9.22
44,Muzhi,RU,2022-04-04 13:39:58,65.3667,64.6667,31.01,99,100,1.63
45,Ushuaia,AR,2022-04-04 13:39:58,-54.8,-68.3,40.62,87,40,16.11
46,Dingle,PH,2022-04-04 13:35:52,10.9995,122.6711,77.25,86,100,6.96
47,Dunedin,NZ,2022-04-04 13:39:59,-45.8742,170.5036,58.8,80,100,10.0
48,Hasaki,JP,2022-04-04 13:39:59,35.7333,140.8333,48.6,91,100,36.17
49,Taltal,CL,2022-04-04 13:39:59,-25.4,-70.4833,69.06,59,0,5.53
50,Lavrentiya,RU,2022-04-04 13:39:59,65.5833,-171.0,-12.05,92,29,11.88
51,Kapaa,US,2022-04-04 13:40:00,22.0752,-159.319,73.11,84,40,18.41
52,Ponta Do Sol,PT,2022-04-04 13:40:00,32.6667,-17.1,64.71,56,17,10.07
53,Porto Velho,BR,2022-04-04 13:40:01,-8.7619,-63.9039,80.65,74,0,2.3
54,Chuy,UY,2022-04-04 13:40:01,-33.6971,-53.4616,65.1,73,100,9.1
55,Tura,IN,2022-04-04 13:40:01,25.5198,90.2201,74.37,78,0,5.23
56,Pathein,MM,2022-04-04 13:40:02,16.7833,94.7333,82.02,58,28,3.02
57,Grafenhainichen,DE,2022-04-04 13:40:02,51.7333,12.45,45.07,68,100,7.0
58,Tiksi,RU,2022-04-04 13:40:03,71.6872,128.8694,-4.72,100,100,3.44
59,Thompson,CA,2022-04-04 13:40:03,55.7435,-97.8558,21.36,86,20,3.44
60,Bluff,NZ,2022-04-04 13:40:03,-46.6,168.3333,54.5,85,100,6.26
61,Tiarei,PF,2022-04-04 13:40:04,-17.5333,-149.3333,77.02,76,82,13.94
62,Akdagmadeni,TR,2022-04-04 13:40:04,39.6603,35.8836,52.21,36,90,14.63
63,Butaritari,KI,2022-04-04 13:40:05,3.0707,172.7902,80.89,80,98,17.36
64,Vestmannaeyjar,IS,2022-04-04 13:40:05,63.4427,-20.2734,38.39,87,40,26.46
65,Nikolskoye,RU,2022-04-04 13:40:06,59.7035,30.7861,40.91,68,100,9.48
66,Salalah,OM,2022-04-04 13:36:47,17.0151,54.0924,84.29,74,0,8.05
67,Sitka,US,2022-04-04 13:36:34,57.0531,-135.33,35.49,87,100,3.44
68,Hilo,US,2022-04-04 13:40:06,19.7297,-155.09,69.53,86,75,6.91
69,Tomohon,ID,2022-04-04 13:40:07,1.3346,124.8392,68.94,91,93,1.9
70,Ostersund,SE,2022-04-04 13:40:07,63.1792,14.6357,30.61,74,20,8.05
71,Khatanga,RU,2022-04-04 13:40:08,71.9667,102.5,-24.52,100,18,3.24
72,Georgetown,MY,2022-04-04 13:39:10,5.4112,100.3354,82.33,93,40,7.0
73,Bilibino,RU,2022-04-04 13:40:08,68.0546,166.4372,-19.97,90,13,5.86
74,Kahului,US,2022-04-04 13:40:09,20.8947,-156.47,73.85,65,40,13.8
75,Cidreira,BR,2022-04-04 13:40:09,-30.1811,-50.2056,72.37,81,100,7.9
76,Molodizhne,UA,2022-04-04 13:40:09,48.1773,32.6601,45.21,31,100,12.33
77,Mitsamiouli,KM,2022-04-04 13:40:10,-11.3847,43.2844,83.25,70,6,1.16
78,Lorengau,PG,2022-04-04 13:40:10,-2.0226,147.2712,80.13,83,100,7.4
79,Zhaotong,CN,2022-04-04 13:40:10,27.3167,103.7167,39.25,96,100,8.84
80,Norman Wells,CA,2022-04-04 13:40:11,65.282,-126.8329,-9.36,77,75,9.22
81,Qinzhou,CN,2022-04-04 13:40:11,21.95,108.6167,68.2,54,0,4.0
82,Aswan,EG,2022-04-04 13:37:08,24.0934,32.907,106.9,9,0,6.91
83,Miri,MY,2022-04-04 13:40:12,4.4148,114.0089,78.94,94,40,3.44
84,Valparaiso,CL,2022-04-04 13:40:12,-33.0393,-71.6273,62.83,51,0,2.3
85,Busselton,AU,2022-04-04 13:40:12,-33.65,115.3333,58.19,68,0,13.82
86,San Patricio,US,2022-04-04 13:40:13,28.017,-97.5169,75.29,83,99,12.62
87,Saint Anthony,US,2022-04-04 13:40:13,45.0205,-93.218,34.93,91,100,12.66
88,Mizan Teferi,ET,2022-04-04 13:40:14,6.9833,35.5833,78.03,47,52,3.27
89,Deniliquin,AU,2022-04-04 13:40:14,-35.5333,144.9667,61.9,61,0,3.65
90,Yulara,AU,2022-04-04 13:40:14,-25.2406,130.9889,69.64,26,0,4.61
91,Pemangkat,ID,2022-04-04 13:41:15,1.1667,108.9667,81.57,75,100,2.86
92,Jumla,NP,2022-04-04 13:39:04,29.2747,82.1838,52.05,34,0,5.73
93,Berwick,US,2022-04-04 13:41:15,41.0545,-76.2333,42.15,68,97,1.01
94,Vao,NC,2022-04-04 13:41:16,-22.6667,167.4833,79.18,83,100,16.17
95,Dayong,CN,2022-04-04 13:41:16,25.0209,118.2898,56.84,65,0,1.41
96,Iqaluit,CA,2022-04-04 13:41:02,63.7506,-68.5145,8.33,71,20,15.01
97,Copiapo,CL,2022-04-04 13:41:17,-27.3667,-70.3333,56.89,30,0,4.12
98,Sena Madureira,BR,2022-04-04 13:41:17,-9.0656,-68.6569,84.45,57,10,1.36
99,Namibe,AO,2022-04-04 13:41:17,-15.1961,12.1522,77.63,65,20,20.71
100,Leopoldov,SK,2022-04-04 13:41:18,48.4458,17.7646,47.95,49,92,15.99
101,Egvekinot,RU,2022-04-04 13:41:18,66.3167,-179.1667,-13.74,85,17,18.37
102,Hithadhoo,MV,2022-04-04 13:41:18,-0.6,73.0833,84.15,65,99,3.0
103,Imeni Poliny Osipenko,RU,2022-04-04 13:41:19,52.4201,136.4853,27.16,72,93,4.32
104,Saint-Philippe,RE,2022-04-04 13:41:19,-21.3585,55.7679,80.19,85,100,14.03
105,Cap Malheureux,MU,2022-04-04 13:41:19,-19.9842,57.6142,80.47,80,100,7.0
106,Ribeira Grande,PT,2022-04-04 13:41:20,38.5167,-28.7,64.8,68,40,12.66
107,Lebu,CL,2022-04-04 13:41:20,-37.6167,-73.65,55.53,67,8,16.51
108,Mataura,NZ,2022-04-04 13:41:21,-46.1927,168.8643,49.42,97,100,2.55
109,Shache,CN,2022-04-04 13:41:21,38.4167,77.2406,67.89,15,12,7.05
110,Sao Joao Da Barra,BR,2022-04-04 13:41:21,-21.6403,-41.0511,82.49,71,1,5.14
111,Jinxiang,CN,2022-04-04 13:41:22,27.4327,120.6062,54.12,71,5,3.58
112,Pyaozerskiy,RU,2022-04-04 13:41:22,65.8333,31.1667,28.11,70,100,4.43
113,Auki,SB,2022-04-04 13:41:22,-8.7676,160.7034,77.23,89,100,7.67
114,Koslan,RU,2022-04-04 13:41:23,63.4564,48.8989,27.28,80,100,4.05
115,Ranau,MY,2022-04-04 13:41:23,5.9538,116.6641,70.09,98,98,0.72
116,Touros,BR,2022-04-04 13:41:23,-5.1989,-35.4608,86.81,58,22,15.68
117,Bonthe,SL,2022-04-04 13:41:24,7.5264,-12.505,87.93,48,11,11.52
118,Fortuna,US,2022-04-04 13:41:24,40.5982,-124.1573,48.65,91,100,14.97
119,Marawi,PH,2022-04-04 13:41:25,7.9986,124.2928,69.08,97,100,0.89
120,Port Macquarie,AU,2022-04-04 13:40:12,-31.4333,152.9167,63.9,87,3,4.74
121,Kolobovo,RU,2022-04-04 13:41:25,56.702,41.3417,31.66,79,100,6.29
122,Pokhara,NP,2022-04-04 13:41:25,28.2333,83.9833,75.51,43,55,5.68
123,Paamiut,GL,2022-04-04 13:41:26,61.994,-49.6678,33.06,97,100,10.47
124,Barcelos,PT,2022-04-04 13:41:26,41.5388,-8.6151,57.34,24,0,8.93
125,Vaini,TO,2022-04-04 13:41:27,-21.2,-175.2,73.56,100,75,8.05
126,Nalut,LY,2022-04-04 13:41:27,30.3333,10.85,95.86,5,0,24.83
127,Chokurdakh,RU,2022-04-04 13:41:27,70.6333,147.9167,-13.07,97,53,8.59
128,Castrillon,ES,2022-04-04 13:41:28,43.3979,-6.7922,50.74,52,24,11.68
129,Kiruna,SE,2022-04-04 13:41:28,67.8557,20.2251,22.12,50,0,12.66
130,Bukachacha,RU,2022-04-04 13:41:28,52.9833,116.9167,8.44,90,22,3.74
131,Doha,QA,2022-04-04 13:36:57,25.2867,51.5333,93.51,31,0,14.97
132,Mahebourg,MU,2022-04-04 13:41:29,-20.4081,57.7,80.89,78,75,11.5
133,Arraial Do Cabo,BR,2022-04-04 13:41:29,-22.9661,-42.0278,82.26,74,40,5.75
134,Geraldton,AU,2022-04-04 13:41:30,-28.7667,114.6,72.01,83,40,16.11
135,Abnub,EG,2022-04-04 13:41:30,27.2696,31.1511,98.82,4,18,15.03
136,Vetapalem,IN,2022-04-04 13:41:30,15.7833,80.3167,81.12,83,10,12.73
137,Carutapera,BR,2022-04-04 13:41:31,-1.195,-46.02,81.82,86,100,5.12
138,Olinda,BR,2022-04-04 13:41:31,-8.0089,-34.8553,85.73,62,40,11.5
139,Naze,JP,2022-04-04 13:42:31,28.3667,129.4833,54.52,53,0,7.23
140,Chardara,KZ,2022-04-04 13:42:31,41.2547,67.9692,73.17,36,0,8.21
141,Airai,TL,2022-04-04 13:42:32,-8.9266,125.4092,59.7,93,22,1.25
142,Kushima,JP,2022-04-04 13:42:32,31.4583,131.2333,52.52,70,5,2.53
143,Akyab,MM,2022-04-04 13:42:32,20.15,92.9,80.8,82,6,8.55
144,Namatanai,PG,2022-04-04 13:42:33,-3.6667,152.4333,78.55,85,100,8.05
145,Bredasdorp,ZA,2022-04-04 13:42:33,-34.5322,20.0403,73.94,44,1,21.65
146,Pevek,RU,2022-04-04 13:42:33,69.7008,170.3133,-19.84,97,31,2.42
147,Maridi,SS,2022-04-04 13:42:34,4.9158,29.4742,95.38,25,76,8.32
148,Springbok,ZA,2022-04-04 13:42:34,-29.6643,17.8865,63.9,40,0,13.02
149,Sibolga,ID,2022-04-04 13:42:34,1.7427,98.7792,77.79,83,60,1.88
150,Beringovskiy,RU,2022-04-04 13:42:35,63.05,179.3167,-10.75,97,99,10.22
151,Esperance,AU,2022-04-04 13:38:49,-33.8667,121.9,58.84,75,84,20.98
152,New Norfolk,AU,2022-04-04 13:42:35,-42.7826,147.0587,58.91,72,90,1.01
153,Coihaique,CL,2022-04-04 13:42:35,-45.5752,-72.0662,49.95,76,75,3.44
154,Camargo,MX,2022-04-04 13:42:36,27.6667,-105.1667,65.46,24,97,3.4
155,Dikson,RU,2022-04-04 13:42:36,73.5069,80.5464,-3.32,96,11,6.96
156,Rancho Palos Verdes,US,2022-04-04 13:42:36,33.7445,-118.387,57.07,92,28,1.01
157,Surin,TH,2022-04-04 13:42:37,14.8818,103.4936,81.91,71,86,7.92
158,Pangnirtung,CA,2022-04-04 13:42:37,66.1451,-65.7125,15.8,86,100,10.36
159,Aklavik,CA,2022-04-04 13:42:37,68.2191,-135.0107,-15.86,93,99,9.53
160,Tuy Hoa,VN,2022-04-04 13:42:38,13.0833,109.3,72.19,92,100,13.67
161,Lithgow,AU,2022-04-04 13:42:38,-33.4833,150.15,47.37,81,0,3.51
162,Poum,NC,2022-04-04 13:42:38,-20.2333,164.0167,81.77,84,100,23.02
163,Coquimbo,CL,2022-04-04 13:42:39,-29.9533,-71.3436,53.33,100,100,3.44
164,Henties Bay,NA,2022-04-04 13:42:39,-22.116,14.2845,65.01,69,0,13.0
165,Manjacaze,MZ,2022-04-04 13:42:39,-24.7117,33.8828,92.77,27,4,6.31
166,Matagami,CA,2022-04-04 13:42:40,49.7502,-77.6328,21.31,68,100,3.44
167,Lata,PT,2022-04-04 13:42:40,40.1629,-8.3327,56.8,23,80,10.98
168,Luderitz,NA,2022-04-04 13:42:40,-26.6481,15.1594,66.38,65,0,10.58
169,Qaanaaq,GL,2022-04-04 13:42:41,77.484,-69.3632,17.58,73,100,9.13
170,Trelew,AR,2022-04-04 13:39:36,-43.249,-65.3051,60.89,37,9,19.98
171,Clyde River,CA,2022-04-04 13:42:41,70.4692,-68.5914,12.43,92,100,2.3
172,Mount Isa,AU,2022-04-04 13:42:41,-20.7333,139.5,76.77,20,5,6.91
173,Portland,US,2022-04-04 13:42:00,45.5234,-122.6762,51.78,89,100,10.0
174,Mehamn,NO,2022-04-04 13:42:42,71.0357,27.8492,24.75,74,20,4.61
175,Hamilton,US,2022-04-04 13:40:33,39.1834,-84.5333,46.74,72,100,10.36
176,Gushikawa,JP,2022-04-04 13:42:42,26.3544,127.8686,63.63,80,0,5.75
177,Ukiah,US,2022-04-04 13:42:43,39.1502,-123.2078,51.64,77,100,0.0
178,Shumikha,RU,2022-04-04 13:42:43,55.2261,63.2961,41.41,90,100,8.66
179,Acapulco,MX,2022-04-04 13:42:43,16.8634,-99.8901,71.42,83,0,3.44
180,Tra Vinh,VN,2022-04-04 13:42:43,9.9347,106.3453,78.33,82,74,6.15
181,Manzil Kamil,TN,2022-04-04 13:42:44,35.6248,10.6673,60.24,77,75,14.97
182,Bikin,RU,2022-04-04 13:42:44,46.8161,134.26,36.32,86,60,5.59
183,Sabzevar,IR,2022-04-04 13:43:44,36.2126,57.6819,88.88,9,20,18.41
184,Avera,US,2022-04-04 13:43:45,33.194,-82.5271,59.56,50,73,9.28
185,Saldanha,ZA,2022-04-04 13:43:45,-33.0117,17.9442,71.65,76,13,12.77
186,Texarkana,US,2022-04-04 13:43:45,33.4251,-94.0477,61.14,71,0,3.44
187,Hualmay,PE,2022-04-04 13:43:46,-11.0964,-77.6139,70.39,81,89,6.58
188,Roma,US,2022-04-04 13:43:46,43.2128,-75.4557,40.95,85,20,6.91
189,Bethel,US,2022-04-04 13:43:46,41.3712,-73.414,45.54,70,0,14.0
190,La Ronge,CA,2022-04-04 13:43:46,55.1001,-105.2842,30.45,74,75,10.36
191,Maragogi,BR,2022-04-04 13:43:47,-9.0122,-35.2225,83.64,63,5,8.48
192,Cayenne,GF,2022-04-04 13:43:47,4.9333,-52.3333,81.09,1,75,10.36
193,Port Hardy,CA,2022-04-04 13:43:48,50.6996,-127.4199,41.0,87,100,8.05
194,Ornskoldsvik,SE,2022-04-04 13:43:48,63.2909,18.7153,31.15,100,100,5.75
195,Parry Sound,CA,2022-04-04 13:43:48,45.3501,-80.033,30.25,93,96,1.25
196,Severo-Kurilsk,RU,2022-04-04 13:43:49,50.6789,156.125,31.55,74,4,5.79
197,Moose Factory,CA,2022-04-04 13:43:49,51.2585,-80.6094,14.0,85,100,2.3
198,Rumonge,BI,2022-04-04 13:43:49,-3.9736,29.4386,78.64,77,98,4.25
199,Anloga,GH,2022-04-04 13:43:49,5.7947,0.8973,86.47,70,87,14.85
200,Doka,SD,2022-04-04 13:43:50,13.5167,35.7667,104.99,11,100,6.33
201,Retalhuleu,GT,2022-04-04 13:43:50,14.5333,-91.6833,83.7,88,0,0.0
202,Altay,CN,2022-04-04 13:43:50,47.8667,88.1167,40.68,53,100,8.7
203,Sekoma,BW,2022-04-04 13:43:51,-24.4,23.8833,82.72,26,3,9.4
204,Baruun-Urt,MN,2022-04-04 13:43:51,46.6806,113.2792,30.09,67,37,8.95
205,Quatre Cocos,MU,2022-04-04 13:43:51,-20.2078,57.7625,80.71,78,100,13.35
206,Seydi,TM,2022-04-04 13:43:52,39.4816,62.9137,83.35,11,0,6.29
207,Petropavlovsk-Kamchatskiy,RU,2022-04-04 13:43:52,53.0452,158.6483,23.59,74,0,4.47
208,Bac Lieu,VN,2022-04-04 13:43:52,9.285,105.7244,80.31,78,80,13.42
209,Yellowknife,CA,2022-04-04 13:42:25,62.456,-114.3525,21.42,81,75,10.36
210,Ocampo,MX,2022-04-04 13:43:53,21.65,-101.5,61.14,20,0,7.25
211,Anadyr,RU,2022-04-04 13:43:53,64.75,177.4833,-5.3,77,40,4.47
212,Yarim,YE,2022-04-04 13:43:53,14.298,44.3779,70.11,15,25,5.44
213,Anshun,CN,2022-04-04 13:43:54,26.25,105.9333,55.76,64,100,7.72
214,Kitami,JP,2022-04-04 13:43:54,43.8031,143.8908,37.11,74,0,6.49
215,Ahipara,NZ,2022-04-04 13:43:54,-35.1667,173.1667,64.36,91,100,5.06
216,Klaksvik,FO,2022-04-04 13:43:54,62.2266,-6.589,36.52,63,100,19.06
217,Guerrero Negro,MX,2022-04-04 13:43:55,27.9769,-114.0611,59.47,75,77,16.33
218,Castro,BR,2022-04-04 13:43:55,-24.7911,-50.0119,76.59,66,13,8.59
219,Novo Aripuana,BR,2022-04-04 13:43:56,-5.1206,-60.3797,76.42,94,100,1.36
220,Troitskoye,RU,2022-04-04 13:43:56,52.9821,84.6757,35.89,99,100,5.53
221,Opuwo,NA,2022-04-04 13:43:56,-18.0607,13.84,84.49,34,0,9.37
222,Adrar,MR,2022-04-04 13:43:57,20.5022,-10.0711,89.65,12,0,16.58
223,Taoudenni,ML,2022-04-04 13:43:57,22.6783,-3.9836,99.28,7,0,17.92
224,Simi,SL,2022-04-04 13:43:57,9.5667,-12.35,103.35,19,27,3.38
225,Mar Del Plata,AR,2022-04-04 13:43:58,-38.0023,-57.5575,63.88,38,0,14.0
226,Mamallapuram,IN,2022-04-04 13:43:58,12.6264,80.1722,86.05,78,32,9.93
227,Constitucion,CL,2022-04-04 13:43:59,-35.3333,-72.4167,57.4,50,8,7.52
228,Bryan,US,2022-04-04 13:43:44,30.6744,-96.37,65.95,85,100,5.75
229,Marsa Matruh,EG,2022-04-04 13:45:00,31.3525,27.2453,73.6,46,3,17.27
230,Linjiang,CN,2022-04-04 13:45:00,41.8069,126.9078,42.6,74,6,5.08
231,Havelock,US,2022-04-04 13:45:00,34.8791,-76.9013,53.58,54,0,11.5
232,Prince Rupert,CA,2022-04-04 13:40:11,54.3161,-130.3201,40.69,86,75,12.66
233,Belaya Gora,RU,2022-04-04 13:45:01,68.5333,146.4167,-15.16,100,99,3.65
234,Alice,US,2022-04-04 13:45:01,27.7523,-98.0697,74.77,94,100,9.22
235,Puerto Ayora,EC,2022-04-04 13:45:02,-0.7393,-90.3518,78.55,95,100,1.01
236,Ketchikan,US,2022-04-04 13:45:02,55.3422,-131.6461,39.18,75,0,8.05
237,Ancud,CL,2022-04-04 13:45:03,-41.8697,-73.8203,53.22,87,100,5.35
238,Bengkulu,ID,2022-04-04 13:45:03,-3.8004,102.2655,79.05,77,82,2.26
239,Atar,MR,2022-04-04 13:45:04,20.5169,-13.0499,84.36,24,0,14.23
240,Namtsy,RU,2022-04-04 13:45:04,62.7161,129.6658,13.33,96,85,7.16
241,Mandera,KE,2022-04-04 13:45:04,3.9366,41.867,99.43,21,35,3.42
242,Faanui,PF,2022-04-04 13:45:05,-16.4833,-151.75,82.0,75,100,17.2
243,Diamantina,BR,2022-04-04 13:45:06,-18.2494,-43.6003,75.0,48,0,7.72
244,Lingao,CN,2022-04-04 13:45:06,19.9103,109.6859,66.36,77,87,12.19
245,Rawson,AR,2022-04-04 13:45:07,-43.3002,-65.1023,60.28,41,9,20.27
246,Suez,EG,2022-04-04 13:45:07,29.9737,32.5263,88.12,12,0,17.36
247,Ahuimanu,US,2022-04-04 13:45:08,21.4447,-157.8378,73.45,73,40,16.11
248,Alofi,NU,2022-04-04 13:45:08,-19.0595,-169.9187,71.49,100,100,3.44
249,Derzhavinsk,KZ,2022-04-04 13:45:08,51.1,66.3167,41.22,90,85,13.65
250,Faya,SA,2022-04-04 13:45:09,18.3851,42.4509,82.92,14,3,4.03
251,Aonla,IN,2022-04-04 13:45:09,28.2833,79.15,87.17,5,3,7.83
252,Morondava,MG,2022-04-04 13:45:10,-20.2833,44.2833,84.0,58,0,10.6
253,Shelburne,CA,2022-04-04 13:45:10,44.0787,-80.2041,33.37,94,100,2.95
254,Ipueiras,BR,2022-04-04 13:45:11,-7.0333,-40.45,81.7,58,43,9.26
255,Oistins,BB,2022-04-04 13:45:11,13.0667,-59.5333,82.49,61,40,18.41
256,Flinders,AU,2022-04-04 13:45:12,-34.5833,150.8552,65.17,72,1,4.0
257,Agadez,NE,2022-04-04 13:45:12,19.75,10.25,103.23,3,11,8.46
258,Gimli,CA,2022-04-04 13:45:13,50.6336,-96.9907,23.02,93,27,6.91
259,Sao Filipe,CV,2022-04-04 13:45:13,14.8961,-24.4956,71.38,74,16,9.75
260,Saint-Pierre,RE,2022-04-04 13:45:13,-21.3393,55.4781,80.28,83,100,8.05
261,Bethanien,NA,2022-04-04 13:45:14,-26.502,17.1583,76.28,13,0,17.6
262,Manadhoo,MV,2022-04-04 13:45:14,5.7667,73.3833,84.36,65,64,1.59
263,Paragominas,BR,2022-04-04 13:45:14,-2.9667,-47.4833,81.5,85,100,1.3
264,San Cristobal,VE,2022-04-04 13:45:15,7.7669,-72.225,69.98,52,100,6.98
265,Kimbe,PG,2022-04-04 13:45:15,-5.5502,150.1429,76.66,93,100,1.74
266,Ambilobe,MG,2022-04-04 13:45:16,-13.2,49.05,80.17,86,99,3.74
267,Antofagasta,CL,2022-04-04 13:40:38,-23.65,-70.4,72.21,49,3,7.78
268,Kruisfontein,ZA,2022-04-04 13:45:16,-34.0033,24.7314,72.88,60,0,18.92
269,Barrow,US,2022-04-04 13:45:02,71.2906,-156.7887,-3.98,77,100,11.5
270,Naryan-Mar,RU,2022-04-04 13:45:17,67.6713,53.087,16.12,96,95,6.42
271,Bathsheba,BB,2022-04-04 13:45:17,13.2167,-59.5167,83.01,61,40,18.41
272,Padang,ID,2022-04-04 13:45:18,-0.9492,100.3543,77.05,82,11,2.17
273,Sosnovo-Ozerskoye,RU,2022-04-04 13:45:18,52.5249,111.5418,8.53,64,2,6.2
274,Kununurra,AU,2022-04-04 13:45:19,-15.7667,128.7333,73.38,73,3,0.0
275,Leh,IN,2022-04-04 13:46:19,34.1667,77.5833,30.85,45,1,5.39
276,Ust-Kuyga,RU,2022-04-04 13:46:21,70.0167,135.6,-20.69,100,51,3.44
277,Dalmatovo,RU,2022-04-04 13:46:21,56.26,62.9362,35.89,100,100,5.12
278,Santa Isabel,BR,2022-04-04 13:46:21,-23.3156,-46.2214,81.7,66,42,3.58
279,Tortoli,IT,2022-04-04 13:46:22,39.9256,9.6572,49.82,81,40,11.5
280,Pahrump,US,2022-04-04 13:45:24,36.2083,-115.9839,46.45,39,2,1.01
281,Torbay,CA,2022-04-04 13:46:22,47.6666,-52.7314,45.88,65,75,12.66
282,Kamaishi,JP,2022-04-04 13:46:22,39.2667,141.8833,45.66,84,100,2.33
283,Kuito,AO,2022-04-04 13:46:23,-12.3833,16.9333,71.74,76,75,0.0
284,Concepcion Del Oro,MX,2022-04-04 13:46:23,24.6333,-101.4167,60.04,28,13,2.01
285,Segbwema,SL,2022-04-04 13:46:23,7.9967,-10.9496,98.92,31,72,2.71
286,Dukat,RU,2022-04-04 13:46:24,62.55,155.55,-6.05,100,99,3.27
287,Altamont,US,2022-04-04 13:46:24,42.2068,-121.7372,40.84,86,100,14.97
288,Conde,BR,2022-04-04 13:46:24,-7.2597,-34.9075,81.86,74,75,11.5
289,Balsas,BR,2022-04-04 13:46:25,-7.5325,-46.0356,83.5,58,100,8.52
290,Mujiayingzi,CN,2022-04-04 13:46:25,42.1167,118.7833,54.41,43,11,15.73
291,Pisco,PE,2022-04-04 13:46:25,-13.7,-76.2167,67.01,82,7,5.75
292,Nesbyen,NO,2022-04-04 13:46:26,60.5681,9.1027,35.37,76,100,7.0
293,Dwarka,IN,2022-04-04 13:42:48,22.2394,68.9678,80.78,66,31,11.12
294,Ibanda,TZ,2022-04-04 13:46:26,-2.7974,32.4746,82.96,45,100,4.88
295,Mount Gambier,AU,2022-04-04 13:46:27,-37.8333,140.7667,46.31,93,100,0.0
296,Verkhoyansk,RU,2022-04-04 13:46:27,67.5447,133.385,-11.45,100,76,2.33
297,Farmington,US,2022-04-04 13:44:33,36.7281,-108.2187,48.88,79,100,9.22
298,Casper,US,2022-04-04 13:46:27,42.8666,-106.3131,41.72,40,0,8.05
299,Pekan,MY,2022-04-04 13:46:28,3.4836,103.3996,80.71,85,33,6.06
300,San Andres,CO,2022-04-04 13:44:10,12.5847,-81.7006,82.42,74,75,13.8
301,Kautokeino,NO,2022-04-04 13:46:28,69.0125,23.0412,20.91,83,100,8.14
302,Sobolevo,RU,2022-04-04 13:46:28,54.4299,31.8996,35.69,76,98,11.25
303,Broome,US,2022-04-04 13:46:29,42.2506,-75.833,39.02,73,100,11.5
304,Amapa,BR,2022-04-04 13:46:29,1.0,-52.0,76.64,94,95,1.3
305,Clarence Town,AU,2022-04-04 13:46:29,-32.5833,151.7833,69.82,79,11,3.06
306,Gualaquiza,EC,2022-04-04 13:46:30,-3.4,-78.55,69.58,86,53,1.32
307,Umm Lajj,SA,2022-04-04 13:46:30,25.0213,37.2685,80.49,58,100,5.64
308,Paide,EE,2022-04-04 13:46:30,58.8856,25.5572,33.44,97,100,13.53
309,Rio Gallegos,AR,2022-04-04 13:46:31,-51.6226,-69.2181,42.85,70,75,17.27
310,Ericeira,PT,2022-04-04 13:46:31,38.9627,-9.4156,63.36,35,0,14.97
311,Arandis,NA,2022-04-04 13:46:31,-22.4167,14.9667,73.63,37,0,13.02
312,Broken Hill,AU,2022-04-04 13:46:32,-31.95,141.4333,65.91,42,0,6.91
313,Hervey Bay,AU,2022-04-04 13:46:32,-25.2986,152.8535,73.62,74,6,9.73
314,Port Alfred,ZA,2022-04-04 13:46:32,-33.5906,26.891,70.18,82,0,7.0
315,Nuevitas,CU,2022-04-04 13:46:33,21.5453,-77.2644,82.09,62,9,6.93
316,Arani,IN,2022-04-04 13:46:33,12.6667,79.2833,85.15,50,52,12.77
317,Khon Buri,TH,2022-04-04 13:46:33,14.5254,102.2459,74.97,66,48,3.67
318,Kaitangata,NZ,2022-04-04 13:46:33,-46.2817,169.8464,52.79,95,100,3.71
319,Havoysund,NO,2022-04-04 13:46:34,70.9963,24.6622,30.43,65,100,13.96
320,Dali,CN,2022-04-04 13:46:34,25.7,100.1833,54.25,93,75,3.8
321,Talnakh,RU,2022-04-04 13:46:34,69.4865,88.3972,7.21,93,14,7.05
322,Jibuti,DJ,2022-04-04 13:46:35,11.5,42.5,87.12,22,0,13.67
323,Bose,IT,2022-04-04 13:47:35,45.4612,8.0137,53.15,64,95,3.15
324,Batticaloa,LK,2022-04-04 13:45:01,7.7102,81.6924,81.81,74,11,9.93
325,Pangai,TO,2022-04-04 13:47:35,-19.8,-174.35,77.11,77,100,14.38
326,Council Bluffs,US,2022-04-04 13:46:24,41.2619,-95.8608,36.64,80,75,5.75
327,Jiuquan,CN,2022-04-04 13:47:36,39.7432,98.5174,54.68,13,0,7.54
328,Tabuk,PH,2022-04-04 13:47:36,17.4189,121.4443,71.6,96,98,4.36
329,Pimentel,PE,2022-04-04 13:47:37,-6.8367,-79.9342,68.29,83,0,9.22
330,Grand Gaube,MU,2022-04-04 13:47:37,-20.0064,57.6608,81.0,80,100,5.99
331,Taman,RU,2022-04-04 13:47:37,45.2117,36.7161,44.92,67,96,5.79
332,Vangaindrano,MG,2022-04-04 13:47:38,-23.35,47.6,78.04,79,12,6.42
333,Vilyuysk,RU,2022-04-04 13:47:38,63.7553,121.6247,8.83,94,99,5.57
334,Chateaubelair,VC,2022-04-04 13:47:38,13.2833,-61.25,82.92,65,40,9.22
335,Victoria,HK,2022-04-04 13:46:12,22.2855,114.1577,68.38,69,3,11.99
336,Itaituba,BR,2022-04-04 13:47:39,-4.2761,-55.9836,75.36,94,75,0.0
337,Usinsk,RU,2022-04-04 13:47:39,65.9939,57.5281,23.02,84,100,11.9
338,Thakurgaon,BD,2022-04-04 13:46:09,26.0333,88.4667,83.44,65,0,15.14
339,Seoul,KR,2022-04-04 13:45:40,37.5683,126.9778,47.8,49,0,3.44
340,Kalmunai,LK,2022-04-04 13:47:40,7.4167,81.8167,81.37,74,13,7.52
341,Tabou,CI,2022-04-04 13:47:40,4.423,-7.3528,85.33,71,100,10.96
342,Matara,LK,2022-04-04 13:47:40,5.9485,80.5353,78.4,84,24,2.86
343,Benguela,AO,2022-04-04 13:47:41,-12.5763,13.4055,80.44,77,34,10.04
344,Fallon,US,2022-04-04 13:47:41,39.4735,-118.7774,51.93,25,0,5.75
345,Eyl,SO,2022-04-04 13:47:41,7.9803,49.8164,82.58,62,60,13.2
346,Paralimni,CY,2022-04-04 13:47:42,35.0375,33.9833,82.89,81,23,5.99
347,Reconquista,AR,2022-04-04 13:47:42,-29.15,-59.65,70.79,76,36,9.93
348,Santa Cruz Del Norte,CU,2022-04-04 13:47:42,23.1539,-81.9236,80.33,64,54,3.98
349,Bandarbeyla,SO,2022-04-04 13:47:43,9.4942,50.8122,81.97,65,100,12.57
350,Huarmey,PE,2022-04-04 13:47:43,-10.0681,-78.1522,71.04,81,96,6.17
351,Mandali,IQ,2022-04-04 13:47:43,33.7499,45.5541,90.7,9,0,16.11
352,Santiago Del Estero,AR,2022-04-04 13:47:44,-27.7951,-64.2615,64.45,56,99,6.76
353,Tautira,PF,2022-04-04 13:47:44,-17.7333,-149.15,81.61,77,58,13.22
354,Qasigiannguit,GL,2022-04-04 13:47:44,68.8193,-51.1922,35.85,77,12,2.73
355,Pulwama,IN,2022-04-04 13:47:45,33.874,74.8996,62.33,36,1,0.2
356,Berlevag,NO,2022-04-04 13:47:45,70.8578,29.0864,26.4,69,100,10.13
357,Fukue,JP,2022-04-04 13:47:45,32.6881,128.8419,56.16,54,58,10.6
358,Santa Cruz Cabralia,BR,2022-04-04 13:47:46,-16.2781,-39.0247,82.63,74,40,8.05
359,Cabo San Lucas,MX,2022-04-04 13:47:46,22.8909,-109.9124,63.52,70,50,7.0
360,Husavik,IS,2022-04-04 13:47:46,66.0449,-17.3389,26.35,83,100,15.73
361,Beloha,MG,2022-04-04 13:47:48,-25.1667,45.05,82.02,58,5,16.22
362,Alghero,IT,2022-04-04 13:47:48,40.5589,8.3181,59.09,44,20,8.05
363,Maningrida,AU,2022-04-04 13:47:48,-12.0667,134.2667,80.58,72,62,5.97
364,Mbandaka,CD,2022-04-04 13:47:49,0.0487,18.2603,85.8,55,61,1.19
365,Katsuura,JP,2022-04-04 13:47:50,35.1333,140.3,51.19,91,100,26.73
366,Labuan,MY,2022-04-04 13:48:50,5.2767,115.2417,77.36,94,40,2.3
367,Olafsvik,IS,2022-04-04 13:48:51,64.8945,-23.7142,31.98,66,66,20.11
368,Sulangan,PH,2022-04-04 13:48:51,11.1373,123.7228,81.54,82,100,18.19
369,Nemuro,JP,2022-04-04 13:48:51,43.3236,145.575,37.53,87,98,14.52
370,Tikrit,IQ,2022-04-04 13:48:51,34.6071,43.6782,86.2,11,8,16.35
371,Muros,ES,2022-04-04 13:48:52,42.7762,-9.0603,57.69,48,7,14.2
372,Ossora,RU,2022-04-04 13:48:52,59.2353,163.0719,10.89,84,95,5.14
373,Yerbogachen,RU,2022-04-04 13:48:52,61.2767,108.0108,8.08,97,99,4.09
374,Hvide Sande,DK,2022-04-04 13:48:53,56.0045,8.1294,46.45,93,75,20.71
375,Menongue,AO,2022-04-04 13:48:53,-14.6585,17.691,76.23,69,57,4.47
376,Kysyl-Syr,RU,2022-04-04 13:48:53,63.8986,122.7617,0.97,99,89,3.87
377,Rudnogorsk,RU,2022-04-04 13:48:54,57.2639,103.7519,9.48,95,62,1.05
378,Port Elizabeth,ZA,2022-04-04 13:48:19,-33.918,25.5701,75.09,78,20,24.16
379,Nuuk,GL,2022-04-04 13:48:54,64.1835,-51.7216,36.21,75,75,2.3
380,Narsaq,GL,2022-04-04 13:48:54,60.9167,-46.05,52.02,64,98,1.88
381,Umm Kaddadah,SD,2022-04-04 13:48:55,13.6017,26.6876,104.04,6,5,4.12
382,Asau,RO,2022-04-04 13:48:55,46.4333,26.4,47.95,46,100,11.72
383,Kampot,KH,2022-04-04 13:48:55,10.6167,104.1833,84.25,68,98,9.86
384,San Isidro,PE,2022-04-04 13:48:56,-12.1167,-77.05,63.99,94,75,4.61
385,Lac Du Bonnet,CA,2022-04-04 13:48:56,50.2536,-96.0612,28.83,89,37,5.01
386,Vila Franca Do Campo,PT,2022-04-04 13:48:56,37.7167,-25.4333,61.21,53,95,6.8
387,Puerto Baquerizo Moreno,EC,2022-04-04 13:48:56,-0.9,-89.6,78.21,82,94,7.38
388,Sakakah,SA,2022-04-04 13:48:57,29.9697,40.2064,94.57,8,17,8.41
389,Monrovia,LR,2022-04-04 13:48:01,6.3005,-10.7969,87.57,67,61,9.73
390,Caravelas,BR,2022-04-04 13:48:57,-17.7125,-39.2481,85.86,57,16,6.35
391,Praia Da Vitoria,PT,2022-04-04 13:48:58,38.7333,-27.0667,62.85,63,20,9.91
392,Srisailam,IN,2022-04-04 13:48:58,16.0833,78.8667,85.89,40,6,9.69
393,Svetlaya,RU,2022-04-04 13:48:58,46.5389,138.3297,36.28,92,30,7.92
394,Sampit,ID,2022-04-04 13:48:58,-2.5333,112.95,78.01,84,100,3.06
395,Texistepec,MX,2022-04-04 13:48:59,17.8833,-94.7833,77.41,76,1,6.33
396,Dubti,ET,2022-04-04 13:48:59,11.7361,41.0853,101.44,11,100,9.08
397,Bulgan,MN,2022-04-04 13:48:59,48.8125,103.5347,30.67,63,100,7.72
398,Wagar,SD,2022-04-04 13:49:00,16.1525,36.2032,106.03,9,0,14.18
399,Mazabuka,ZM,2022-04-04 13:49:00,-15.856,27.748,80.02,62,71,1.14
400,Fare,PF,2022-04-04 13:49:01,-16.7,-151.0167,81.79,74,97,16.22
401,Thinadhoo,MV,2022-04-04 13:49:01,0.5333,72.9333,84.18,62,96,0.94
402,Vatra Dornei,RO,2022-04-04 13:49:01,47.35,25.3667,35.04,72,100,5.99
403,Te Anau,NZ,2022-04-04 13:49:02,-45.4167,167.7167,54.99,87,100,2.33
404,Banjar,ID,2022-04-04 13:49:02,-8.19,114.9675,77.05,91,21,4.99
405,Ngorongoro,TZ,2022-04-04 13:49:03,-3.2397,35.4875,60.58,66,100,4.63
406,Barra Do Garcas,BR,2022-04-04 13:49:03,-15.89,-52.2567,84.78,61,0,0.0
407,Los Llanos De Aridane,ES,2022-04-04 13:49:03,28.6585,-17.9182,63.12,66,40,23.02
408,Shirakawa,JP,2022-04-04 13:49:04,37.1223,140.2376,43.95,94,100,10.76
409,Wanning,CN,2022-04-04 13:48:21,18.8003,110.3967,68.47,81,91,8.41
410,Arona,ES,2022-04-04 13:48:57,28.0996,-16.681,61.99,63,75,23.02
411,Buta,CD,2022-04-04 13:49:04,2.7858,24.73,91.63,42,97,5.66
412,Santa Lucia,ES,2022-04-04 13:50:05,27.9117,-15.5407,61.92,49,75,23.02
413,Skelleftea,SE,2022-04-04 13:50:05,64.7507,20.9528,27.0,67,100,11.5
414,Mbaiki,CF,2022-04-04 13:50:06,3.8678,17.9892,87.15,45,100,3.94
415,Sayyan,YE,2022-04-04 13:50:06,15.1718,44.3244,72.32,9,0,16.28
416,Talaya,RU,2022-04-04 13:50:07,61.3833,152.75,-15.36,100,67,2.66
417,Sidney,AU,2022-04-04 13:46:30,-33.8679,151.2073,67.39,79,0,6.91
418,Semey,KZ,2022-04-04 13:50:07,50.4111,80.2275,42.12,83,35,10.0
419,Evensk,RU,2022-04-04 13:50:07,61.95,159.2333,5.25,90,40,7.05
420,Adre,TD,2022-04-04 13:50:08,13.4667,22.2,99.75,15,14,5.53
421,Casablanca,MA,2022-04-04 13:50:08,33.5928,-7.6192,64.62,82,40,4.61
422,Whitehorse,CA,2022-04-04 13:50:09,60.7161,-135.0538,23.77,74,20,11.5
423,Volodarka,UA,2022-04-04 13:50:09,49.5248,29.9122,43.25,34,100,12.77
424,Fairbanks,US,2022-04-04 13:50:10,64.8378,-147.7164,8.6,77,75,3.44
425,Kirakira,SB,2022-04-04 13:50:10,-10.4544,161.9205,80.58,86,100,14.97
426,Bambous Virieux,MU,2022-04-04 13:50:11,-20.3428,57.7575,80.85,78,75,11.5
427,Mvuma,ZW,2022-04-04 13:50:12,-19.2792,30.5283,75.33,53,99,1.3
428,Bowen,AU,2022-04-04 13:50:13,-20.0167,148.2333,78.04,76,27,10.6
429,Kichera,RU,2022-04-04 13:50:14,55.9375,110.0997,15.37,94,100,2.77
430,Massaguet,TD,2022-04-04 13:50:14,12.4755,15.4365,108.48,6,96,8.95
431,Pacific Grove,US,2022-04-04 13:50:15,36.6177,-121.9166,51.91,87,100,6.91
432,Billericay,GB,2022-04-04 13:50:15,51.6287,0.4196,56.41,84,100,8.01
433,Nara,JP,2022-04-04 13:49:14,34.6851,135.8049,50.5,45,0,4.34
434,Borogontsy,RU,2022-04-04 13:50:16,62.6683,131.1683,10.33,99,95,4.56
435,Pasni,PK,2022-04-04 13:50:16,25.2631,63.471,80.1,68,100,15.01
436,Suzhou,CN,2022-04-04 13:45:31,31.3114,120.6181,50.65,69,100,9.37
437,San Luis,AR,2022-04-04 13:50:17,-33.295,-66.3356,69.13,30,29,9.73
438,Margate,GB,2022-04-04 13:50:17,51.3813,1.3862,51.87,80,100,4.0
439,Vila Velha,BR,2022-04-04 13:47:06,-20.3297,-40.2925,84.15,78,75,3.44
440,Mugur-Aksy,RU,2022-04-04 13:50:18,50.35,90.5,31.06,73,100,5.37
441,Almonte,ES,2022-04-04 13:49:36,37.2647,-6.5167,60.28,45,100,16.53
442,Nakamura,JP,2022-04-04 13:50:18,32.9833,132.9333,46.15,72,0,4.97
443,Qaqortoq,GL,2022-04-04 13:50:18,60.7167,-46.0333,39.02,69,100,3.83
444,Muriwai Beach,NZ,2022-04-04 13:49:56,-36.8167,174.45,64.35,95,65,4.07
445,Ciucurova,RO,2022-04-04 13:50:19,44.9333,28.4833,44.6,35,99,7.29
446,Montepuez,MZ,2022-04-04 13:50:19,-13.1256,38.9997,78.12,83,26,3.11
447,Kavaratti,IN,2022-04-04 13:50:20,10.5669,72.642,83.37,72,49,7.05
448,Kentau,KZ,2022-04-04 13:50:20,43.5206,68.5094,69.89,33,0,3.53
449,Mineral Wells,US,2022-04-04 13:50:21,32.8085,-98.1128,62.33,77,0,11.5
450,Aginskoye,RU,2022-04-04 13:50:21,51.1,114.53,21.13,90,100,11.63
451,Churapcha,RU,2022-04-04 13:50:22,62.0025,132.4325,15.42,98,100,4.43
452,Matamoros,MX,2022-04-04 13:50:00,25.5333,-103.25,68.92,31,6,1.79
453,Fengcheng,CN,2022-04-04 13:50:22,40.4536,124.0717,43.09,88,9,5.26
454,Labuhan,ID,2022-04-04 13:50:23,-6.8844,112.2051,78.67,84,20,5.06
455,Celestun,MX,2022-04-04 13:50:23,20.8667,-90.4,79.5,69,0,15.37
456,Terre Haute,US,2022-04-04 13:50:23,39.4667,-87.4139,52.07,58,100,9.22
457,Bairiki,KI,2022-04-04 13:50:24,1.3292,172.9752,78.8,89,40,9.22
458,Svetlogorsk,BY,2022-04-04 13:51:24,52.6333,29.7333,40.32,50,95,13.85
459,Lima,PE,2022-04-04 13:51:25,-12.0432,-77.0282,62.85,94,75,4.61
460,Gornyy,RU,2022-04-04 13:51:25,55.1153,83.9059,35.24,99,100,10.92
461,Shenjiamen,CN,2022-04-04 13:51:26,29.9576,122.298,53.62,67,85,9.55
462,Medicine Hat,CA,2022-04-04 13:51:26,50.0501,-110.6683,42.22,50,21,1.99
463,Kaeo,NZ,2022-04-04 13:51:26,-35.1,173.7833,62.33,94,99,3.91
464,Pinotepa Nacional,MX,2022-04-04 13:51:26,16.3167,-98.0167,76.95,49,0,1.81
465,Green River,US,2022-04-04 13:51:27,41.5286,-109.4662,30.6,52,14,5.48
466,Nakhon Nayok,TH,2022-04-04 13:51:27,14.1667,101.1,88.99,52,96,6.13
467,Sal Rei,CV,2022-04-04 13:51:27,16.1833,-22.9167,75.4,64,75,12.66
468,Kutum,SD,2022-04-04 13:51:28,14.2,24.6667,94.48,7,12,4.05
469,Boa Vista,BR,2022-04-04 13:51:28,2.8197,-60.6733,80.58,78,40,8.05
470,Mount Darwin,ZW,2022-04-04 13:51:28,-16.7725,31.5838,79.79,61,78,0.83
471,Samarai,PG,2022-04-04 13:51:28,-10.6167,150.6667,82.06,77,100,7.65
472,Methoni,GR,2022-04-04 13:51:29,36.8197,21.7049,72.21,48,100,6.96
473,Coihueco,CL,2022-04-04 13:51:29,-36.6167,-71.8333,45.34,76,0,11.5
474,Codrington,AU,2022-04-04 13:51:29,-38.2667,141.9667,53.02,83,25,1.77
475,Terdal,IN,2022-04-04 13:51:30,16.5,75.05,94.86,19,34,4.99
476,Inhambane,MZ,2022-04-04 13:51:30,-23.865,35.3833,86.0,55,20,11.99
477,Ongandjera,NA,2022-04-04 13:51:30,-17.8833,15.0667,83.95,37,96,5.97
478,Oranjestad,AW,2022-04-04 13:50:05,12.524,-70.027,80.55,74,75,18.41
479,Winneba,GH,2022-04-04 13:51:31,5.3511,-0.6231,87.24,66,74,13.24
480,Arti,RU,2022-04-04 13:51:31,56.4234,58.5328,38.88,100,100,3.2
481,Cherskiy,RU,2022-04-04 13:51:31,68.75,161.3,-21.39,100,59,2.15
482,Shizunai,JP,2022-04-04 13:51:32,42.3339,142.3669,38.68,78,2,7.45
483,Coracora,PE,2022-04-04 13:51:32,-15.0333,-73.7833,57.43,53,25,2.68
484,Thap Than,TH,2022-04-04 13:51:32,15.4606,99.8917,78.71,46,92,3.6
485,Buchanan,LR,2022-04-04 13:51:33,5.8808,-10.0467,84.88,67,61,9.15
486,Tulun,RU,2022-04-04 13:51:33,54.5611,100.5792,21.15,89,100,2.62
487,Adzope,CI,2022-04-04 13:51:33,6.1069,-3.8619,89.58,55,100,3.58
488,Zaozerne,UA,2022-04-04 13:51:34,45.1582,33.2787,42.13,58,12,12.46
489,Derventa,BA,2022-04-04 13:51:34,44.9772,17.9103,51.55,37,3,2.46
490,Sechura,PE,2022-04-04 13:51:34,-5.5569,-80.8222,72.63,71,99,9.64
491,Rodrigues Alves,BR,2022-04-04 13:51:35,-7.738,-72.6509,75.4,63,31,2.35
492,Tshikapa,CD,2022-04-04 13:51:35,-6.4167,20.8,89.67,49,15,0.25
493,Srivardhan,IN,2022-04-04 13:51:35,18.0333,73.0167,81.93,75,10,5.79
494,Kingsport,US,2022-04-04 13:48:03,36.5484,-82.5618,51.55,57,29,4.0
495,Emba,KZ,2022-04-04 13:51:36,48.8264,58.1442,50.95,81,100,6.82
496,Turkmenabat,TM,2022-04-04 13:51:36,39.0733,63.5786,87.78,13,0,13.8
497,Nokaneng,BW,2022-04-04 13:51:36,-19.6667,22.2667,79.43,57,100,2.19
498,Santa Maria,BR,2022-04-04 13:51:37,-29.6842,-53.8069,67.3,94,100,4.61
499,Ilulissat,GL,2022-04-04 13:51:37,69.2167,-51.1,30.42,75,11,4.72
500,Hami,CN,2022-04-04 13:51:37,42.8,93.45,62.49,12,14,4.54
501,Cairns,AU,2022-04-04 13:51:37,-16.9167,145.7667,78.75,89,75,3.44
502,Artyom,AZ,2022-04-04 13:51:38,40.4723,50.333,55.54,75,4,33.84
503,Xining,CN,2022-04-04 13:51:38,36.6167,101.7667,47.23,26,80,9.48
504,Victor Harbor,AU,2022-04-04 13:51:38,-35.5667,138.6167,55.9,87,15,5.64
505,Arawa,PG,2022-04-04 13:51:39,-6.2132,155.5367,78.3,93,99,4.0
506,Rockland,US,2022-04-04 13:52:39,41.1668,-74.0496,46.89,59,14,5.01
507,Eureka,US,2022-04-04 13:49:39,40.8021,-124.1637,48.92,78,100,4.0
508,Lianzhou,CN,2022-04-04 13:52:39,24.7811,112.3825,63.18,69,0,1.41
509,Lar,IN,2022-04-04 13:52:40,26.2039,83.9717,88.56,6,0,5.53
510,Dubbo,AU,2022-04-04 13:52:40,-32.25,148.6167,53.73,71,0,10.36
511,Lucea,JM,2022-04-04 13:52:40,18.451,-78.1736,82.85,69,5,5.86
512,Hondo,JP,2022-04-04 13:52:41,32.45,130.2,54.64,51,27,7.18
513,Andenes,NO,2022-04-04 13:52:41,69.3143,16.1194,30.18,51,0,11.5
514,Espinosa,BR,2022-04-04 13:49:31,-14.9261,-42.8192,85.68,36,0,9.26
515,High Prairie,CA,2022-04-04 13:49:35,55.4334,-116.4858,30.29,89,89,2.3
516,Kosh-Agach,RU,2022-04-04 13:52:42,50.0,88.6667,33.33,67,100,3.65
517,Allapalli,IN,2022-04-04 13:52:42,19.4167,80.0667,94.51,20,13,0.34
518,Batavia,US,2022-04-04 13:52:42,41.85,-88.3126,50.25,82,100,7.0
519,Buala,SB,2022-04-04 13:52:43,-8.145,159.5921,81.19,83,97,14.07
520,Uglovskoye,RU,2022-04-04 13:52:43,51.3557,80.1942,42.6,82,79,9.24
521,Kiama,AU,2022-04-04 13:52:43,-34.6833,150.8667,65.37,70,2,1.99
522,Richards Bay,ZA,2022-04-04 13:51:03,-28.783,32.0377,78.33,68,100,4.97
523,Turukhansk,RU,2022-04-04 13:52:44,65.8167,87.9833,23.02,77,100,17.38
524,Nouadhibou,MR,2022-04-04 13:52:44,20.931,-17.0347,71.58,64,20,11.5
525,Sao Desiderio,BR,2022-04-04 13:52:44,-12.3633,-44.9733,87.89,36,11,8.08
526,Waipawa,NZ,2022-04-04 13:52:44,-41.4122,175.5153,52.14,86,7,6.17
527,Finschhafen,PG,2022-04-04 13:52:45,-6.6024,147.8681,78.33,83,100,5.61
528,Imeni Zhelyabova,RU,2022-04-04 13:52:45,58.9544,36.5956,35.71,77,100,4.65
529,Cabra,ES,2022-04-04 13:52:45,37.4725,-4.4421,54.18,57,100,17.0
530,Aguilas,ES,2022-04-04 13:52:46,37.4063,-1.5829,50.02,86,100,30.94
531,Half Moon Bay,US,2022-04-04 13:52:46,37.4636,-122.4286,53.74,80,0,20.71
532,Honiara,SB,2022-04-04 13:52:46,-9.4333,159.95,77.92,93,100,5.61
533,Nanakuli,US,2022-04-04 13:52:47,21.3906,-158.1547,73.71,68,75,8.05
534,Axim,GH,2022-04-04 13:52:47,4.8699,-2.2405,86.76,66,100,9.73
535,Cap-Aux-Meules,CA,2022-04-04 13:52:47,47.3821,-61.8597,30.25,93,75,10.36
536,Mollendo,PE,2022-04-04 13:52:48,-17.0231,-72.0147,70.88,74,60,8.7
537,Oksfjord,NO,2022-04-04 13:52:48,70.2396,22.3479,28.58,84,100,3.36
538,Solnechnyy,RU,2022-04-04 13:52:48,50.7214,136.6319,31.3,95,93,1.52
539,Laguna,US,2022-04-04 13:48:19,38.421,-121.4238,54.01,78,0,4.61
540,Amahai,ID,2022-04-04 13:52:49,-3.3333,128.9167,78.28,80,87,1.39
541,Mathathane,BW,2022-04-04 13:52:49,-22.2687,28.7495,89.83,32,56,8.43
542,Port-Gentil,GA,2022-04-04 13:52:49,-0.7193,8.7815,80.53,77,100,5.5
543,Kuytun,RU,2022-04-04 13:52:50,54.3419,101.5036,18.55,88,100,2.28
544,Teknaf,BD,2022-04-04 13:52:50,20.8624,92.3058,78.76,87,5,5.35
545,Mareeba,AU,2022-04-04 13:52:50,-17.0,145.4333,74.12,95,31,1.74
546,Rafaela,AR,2022-04-04 13:52:16,-31.2503,-61.4867,69.01,29,0,7.0
547,Kismayo,SO,2022-04-04 13:52:51,-0.3582,42.5454,83.88,70,74,17.27
548,Bogorodskoye,RU,2022-04-04 13:52:51,56.55,37.8833,33.6,88,91,6.31
549,Yingcheng,CN,2022-04-04 13:52:51,30.95,113.55,62.55,53,100,4.81
550,Bonavista,CA,2022-04-04 13:52:52,48.6499,-53.1147,35.11,79,47,8.21
551,Mayumba,GA,2022-04-04 13:53:52,-3.432,10.6554,84.2,70,95,7.34
552,Kyaikkami,MM,2022-04-04 13:53:53,16.08,97.5675,83.84,61,59,8.63
553,Nancha,CN,2022-04-04 13:53:53,47.1333,129.2667,47.21,64,100,2.64
554,Tilichiki,RU,2022-04-04 13:52:07,60.4667,166.1,8.78,94,49,4.5
555,Kushnarenkovo,RU,2022-04-04 13:53:53,55.105,55.3508,41.09,100,100,13.8
556,Santa Fe,AR,2022-04-04 13:53:54,-31.6333,-60.7,67.01,39,0,7.0
557,Lagoa,PT,2022-04-04 13:53:54,39.05,-27.9833,58.95,63,100,9.78
558,Mersing,MY,2022-04-04 13:53:54,2.4312,103.8405,80.51,89,28,3.44
559,Kenora,CA,2022-04-04 13:53:55,49.8167,-94.4337,29.37,86,40,3.44
560,Muirkirk,GB,2022-04-04 13:53:55,55.5227,-4.0655,53.76,96,100,17.54
561,Zaraza,VE,2022-04-04 13:53:55,9.3503,-65.3245,87.37,45,75,7.63
562,Athabasca,CA,2022-04-04 13:53:55,54.7169,-113.2854,27.01,88,42,4.54
563,Bria,CF,2022-04-04 13:53:56,6.5423,21.9863,94.15,30,99,3.0
564,Honningsvag,NO,2022-04-04 13:53:56,70.9821,25.9704,29.95,59,40,5.75
565,Sacelu,RO,2022-04-04 13:53:56,45.1,23.5333,46.31,45,45,5.3
566,Mnogovershinnyy,RU,2022-04-04 13:53:57,53.9353,139.9242,22.6,62,23,10.83
567,Riedlingen,DE,2022-04-04 13:53:57,48.1545,9.4756,46.78,41,29,15.64
568,Natal,BR,2022-04-04 13:51:59,-5.795,-35.2094,86.22,70,40,16.11
569,Vostok,RU,2022-04-04 13:53:57,46.4856,135.8833,33.31,84,35,6.51
570,Turbat,PK,2022-04-04 13:53:58,26.0023,63.044,90.48,23,100,13.58
571,Statesboro,US,2022-04-04 13:53:44,32.4488,-81.7832,63.93,55,0,4.61
572,Wuwei,CN,2022-04-04 13:53:59,37.9281,102.6414,52.3,21,1,5.03
573,Teseney,ER,2022-04-04 13:54:00,15.11,36.6575,105.04,11,1,12.3
574,Sisimiut,GL,2022-04-04 13:54:00,66.9395,-53.6735,32.16,82,25,5.28
575,Diebougou,BF,2022-04-04 13:54:00,10.9667,-3.25,101.66,23,97,3.94
576,Srandakan,ID,2022-04-04 13:54:01,-7.9386,110.2506,77.38,86,93,1.83
577,Quesnel,CA,2022-04-04 13:54:01,52.9999,-122.5029,32.5,100,100,3.44
578,Puerto Del Rosario,ES,2022-04-04 13:54:01,28.5004,-13.8627,67.75,60,40,18.41
579,Taseyevo,RU,2022-04-04 13:54:02,57.2169,94.8978,24.01,80,88,7.05
